;Ages 5-14;;;Ages 15-19;;;Ages 20-24;;;Ages 25-29;;;Ages 30-34;;;Ages 35-39;;;Ages 40-44;;;Ages 45-49;;;Ages 50-54;;;Ages 55-59;;;Ages 60-64;;;Ages 65-69;;;Ages 70+;;;All ages;;
Country/area;2009;2021;Relative Change;2009;2021;Relative Change;2009;2021;Relative Change;2009;2021;Relative Change;2009;2021;Relative Change;2009;2021;Relative Change;2009;2021;Relative Change;2009;2021;Relative Change;2009;2021;Relative Change;2009;2021;Relative Change;2009;2021;Relative Change;2009;2021;Relative Change;2009;2021;Relative Change;2009;2021;Relative Change
Afghanistan;0.99%;1.32%;34%;4.48%;5.69%;27%;6.12%;7.41%;21%;6.71%;8.03%;20%;7.32%;8.66%;18%;8.32%;9.47%;14%;8.85%;9.73%;10%;8.62%;9.14%;6%;8.05%;8.58%;7%;7.37%;8.07%;10%;6.84%;7.50%;10%;6.51%;7.01%;8%;5.97%;6.14%;3%;3.67%;4.61%;26%
Albania;0.41%;0.55%;35%;1.96%;2.66%;36%;2.92%;3.75%;28%;3.07%;3.76%;22%;3.21%;3.75%;17%;3.43%;3.95%;15%;3.65%;4.23%;16%;3.89%;4.53%;16%;4.05%;4.68%;16%;4.19%;4.75%;13%;4.26%;4.76%;12%;4.28%;4.70%;10%;4.40%;4.64%;5%;2.76%;3.55%;29%
Algeria;1.04%;1.16%;11%;3.90%;4.66%;19%;4.86%;5.62%;16%;5.24%;5.96%;14%;5.64%;6.33%;12%;6.18%;6.87%;11%;6.53%;7.18%;10%;6.54%;7.12%;9%;6.48%;6.99%;8%;6.38%;6.82%;7%;6.26%;6.58%;5%;5.95%;6.18%;4%;5.35%;5.46%;2%;4.14%;4.62%;12%
American Samoa;0.39%;0.49%;25%;1.98%;2.32%;17%;2.85%;3.26%;14%;3.01%;3.37%;12%;3.22%;3.53%;10%;3.59%;3.86%;7%;4.00%;4.22%;6%;4.30%;4.49%;4%;4.47%;4.63%;4%;4.56%;4.71%;3%;4.58%;4.74%;3%;4.46%;4.62%;4%;4.13%;4.22%;2%;2.31%;2.85%;24%
Andorra;0.98%;1.56%;59%;3.73%;5.06%;36%;4.87%;6.19%;27%;5.09%;6.38%;25%;5.20%;6.48%;25%;5.42%;6.60%;22%;5.50%;6.49%;18%;5.35%;6.22%;16%;5.18%;5.91%;14%;5.01%;5.63%;13%;4.90%;5.40%;10%;4.87%;5.20%;7%;4.83%;4.97%;3%;4.44%;5.32%;20%
Angola;0.65%;0.82%;28%;4.56%;5.33%;17%;7.51%;8.47%;13%;8.05%;9.04%;12%;8.48%;9.46%;12%;9.02%;9.99%;11%;9.37%;10.30%;10%;9.44%;10.23%;8%;9.38%;10.09%;8%;9.31%;9.95%;7%;9.46%;10.01%;6%;9.92%;10.39%;5%;10.58%;10.90%;3%;4.35%;4.90%;13%
Antigua and Barbuda;0.42%;0.59%;40%;2.08%;2.85%;37%;3.02%;4.00%;33%;3.27%;4.22%;29%;3.53%;4.45%;26%;3.91%;4.82%;23%;4.18%;5.08%;21%;4.38%;5.26%;20%;4.51%;5.34%;19%;4.65%;5.44%;17%;4.71%;5.41%;15%;4.59%;5.18%;13%;4.46%;4.86%;9%;2.90%;3.87%;34%
Argentina;0.68%;0.95%;39%;3.25%;4.39%;35%;4.13%;5.38%;30%;3.79%;4.81%;27%;3.54%;4.37%;24%;3.62%;4.33%;20%;3.64%;4.24%;16%;3.55%;4.06%;14%;3.43%;3.86%;13%;3.29%;3.65%;11%;3.18%;3.47%;9%;3.13%;3.34%;7%;3.11%;3.19%;3%;2.72%;3.40%;25%
Armenia;0.47%;0.68%;47%;2.17%;3.25%;50%;3.11%;4.40%;41%;3.37%;4.52%;34%;3.56%;4.55%;28%;3.78%;4.61%;22%;4.12%;4.88%;18%;4.60%;5.43%;18%;5.01%;5.89%;18%;5.40%;6.26%;16%;5.81%;6.57%;13%;6.16%;6.84%;11%;6.73%;7.17%;7%;3.49%;4.38%;26%
Australia;1.18%;1.37%;16%;5.49%;6.22%;13%;7.63%;8.17%;7%;7.50%;7.73%;3%;7.40%;7.34%;-1%;7.67%;7.31%;-5%;7.58%;7.06%;-7%;6.95%;6.45%;-7%;6.27%;5.81%;-7%;5.57%;5.15%;-8%;5.04%;4.66%;-8%;4.86%;4.41%;-9%;4.60%;4.06%;-12%;5.31%;5.18%;-3%
Austria;0.84%;1.11%;32%;3.11%;3.96%;28%;4.03%;4.89%;21%;4.11%;5.02%;22%;4.19%;5.07%;21%;4.48%;5.20%;16%;4.57%;5.19%;13%;4.42%;4.99%;13%;4.25%;4.77%;12%;4.08%;4.57%;12%;4.01%;4.43%;11%;4.08%;4.34%;7%;4.30%;4.21%;-2%;3.64%;4.13%;13%
Azerbaijan;0.45%;0.62%;38%;1.98%;2.82%;42%;2.82%;3.80%;35%;3.12%;4.01%;29%;3.34%;4.13%;23%;3.60%;4.26%;18%;3.93%;4.55%;16%;4.33%;5.04%;16%;4.67%;5.43%;16%;5.00%;5.75%;15%;5.32%;5.98%;12%;5.58%;6.14%;10%;5.99%;6.37%;6%;2.86%;3.70%;29%
Bahamas;0.41%;0.66%;60%;2.15%;3.01%;40%;3.11%;4.19%;35%;3.34%;4.39%;32%;3.58%;4.61%;29%;3.98%;5.00%;25%;4.31%;5.28%;22%;4.49%;5.40%;20%;4.63%;5.47%;18%;4.75%;5.55%;17%;4.81%;5.53%;15%;4.73%;5.31%;12%;4.62%;4.93%;7%;2.89%;3.88%;34%
Bahrain;1.05%;1.44%;36%;4.68%;5.67%;21%;6.09%;7.01%;15%;6.16%;7.17%;16%;6.41%;7.31%;14%;7.00%;7.75%;11%;7.33%;7.97%;9%;7.31%;7.64%;5%;7.22%;7.61%;5%;7.11%;7.48%;5%;7.21%;7.24%;0%;7.04%;6.97%;-1%;6.48%;6.44%;-1%;5.34%;6.06%;14%
Bangladesh;0.49%;0.66%;34%;2.99%;3.59%;20%;4.90%;5.59%;14%;5.37%;6.18%;15%;5.97%;6.88%;15%;7.00%;8.00%;14%;7.67%;8.80%;15%;7.89%;9.01%;14%;8.09%;9.09%;12%;8.33%;9.19%;10%;8.56%;9.31%;9%;8.66%;9.38%;8%;8.51%;9.11%;7%;4.07%;5.36%;32%
Barbados;0.42%;0.66%;58%;2.27%;3.21%;41%;3.31%;4.54%;37%;3.47%;4.62%;33%;3.66%;4.76%;30%;4.08%;5.18%;27%;4.43%;5.48%;24%;4.64%;5.63%;21%;4.81%;5.73%;19%;4.94%;5.82%;18%;5.04%;5.79%;15%;5.03%;5.58%;11%;4.97%;5.21%;5%;3.39%;4.41%;30%
Belarus;0.48%;0.77%;62%;2.56%;3.98%;55%;4.14%;5.92%;43%;4.85%;6.62%;37%;5.37%;7.06%;31%;5.76%;7.28%;26%;6.17%;7.58%;23%;6.55%;7.95%;21%;6.88%;8.21%;19%;7.18%;8.40%;17%;7.43%;8.49%;14%;7.62%;8.43%;11%;7.91%;8.17%;3%;5.14%;6.32%;23%
Belgium;0.94%;1.26%;35%;3.75%;4.60%;23%;5.03%;5.77%;15%;5.09%;5.85%;15%;5.30%;6.05%;14%;6.00%;6.63%;11%;6.27%;6.81%;9%;5.84%;6.36%;9%;5.37%;5.91%;10%;4.87%;5.47%;12%;4.55%;5.13%;13%;4.47%;4.90%;10%;4.40%;4.57%;4%;4.33%;4.81%;11%
Belize;0.43%;0.59%;39%;2.46%;3.14%;28%;3.69%;4.58%;24%;3.81%;4.66%;22%;4.00%;4.82%;21%;4.47%;5.28%;18%;4.82%;5.61%;16%;4.95%;5.73%;16%;5.07%;5.79%;14%;5.15%;5.83%;13%;5.18%;5.80%;12%;5.11%;5.60%;10%;5.00%;5.26%;5%;2.70%;3.60%;33%
Benin;0.53%;0.62%;17%;2.91%;3.27%;12%;4.36%;4.72%;8%;5.09%;5.45%;7%;5.64%;6.00%;6%;6.13%;6.52%;6%;6.61%;7.03%;6%;7.05%;7.45%;6%;7.43%;7.78%;5%;7.78%;8.11%;4%;8.42%;8.72%;3%;9.40%;9.66%;3%;10.85%;11.12%;2%;3.03%;3.39%;12%
Bermuda;0.45%;0.65%;42%;2.54%;3.25%;28%;3.68%;4.60%;25%;3.62%;4.56%;26%;3.69%;4.62%;25%;4.15%;5.01%;21%;4.55%;5.30%;16%;4.79%;5.45%;14%;5.00%;5.59%;12%;5.16%;5.73%;11%;5.28%;5.79%;10%;5.32%;5.68%;7%;5.46%;5.51%;1%;3.78%;4.59%;21%
Bhutan;0.47%;0.50%;6%;2.24%;2.42%;8%;3.36%;3.57%;6%;4.01%;4.23%;5%;4.77%;4.97%;4%;5.80%;5.95%;3%;6.63%;6.74%;2%;7.11%;7.25%;2%;7.57%;7.75%;2%;8.04%;8.25%;3%;8.39%;8.62%;3%;8.39%;8.65%;3%;8.02%;8.22%;2%;3.59%;4.28%;19%
Bolivia;0.35%;0.57%;61%;2.17%;3.33%;53%;3.65%;5.21%;43%;3.99%;5.53%;39%;4.30%;5.77%;34%;4.72%;6.05%;28%;5.13%;6.38%;24%;5.54%;6.76%;22%;5.92%;7.08%;20%;6.30%;7.38%;17%;6.49%;7.42%;14%;6.39%;7.07%;11%;6.20%;6.38%;3%;3.00%;4.21%;40%
Bosnia and Herzegovina;0.45%;0.62%;37%;2.15%;2.90%;35%;3.20%;4.04%;26%;3.41%;4.18%;23%;3.59%;4.27%;19%;3.84%;4.43%;15%;4.16%;4.71%;13%;4.49%;5.07%;13%;4.75%;5.35%;13%;5.00%;5.60%;12%;5.26%;5.79%;10%;5.46%;5.91%;8%;5.82%;6.12%;5%;3.59%;4.32%;20%
Botswana;0.56%;0.81%;45%;3.05%;4.11%;35%;4.68%;5.91%;26%;5.11%;6.33%;24%;5.57%;6.79%;22%;6.36%;7.55%;19%;7.02%;8.06%;15%;7.32%;8.21%;12%;7.49%;8.31%;11%;7.59%;8.37%;10%;7.74%;8.44%;9%;7.99%;8.55%;7%;8.61%;8.81%;2%;3.84%;5.07%;32%
Brazil;0.52%;0.49%;-6%;3.16%;3.32%;5%;4.86%;5.51%;13%;4.81%;5.76%;20%;4.93%;6.00%;22%;5.54%;6.45%;16%;6.03%;6.78%;12%;6.30%;6.95%;10%;6.51%;7.05%;8%;6.70%;7.15%;7%;6.68%;7.02%;5%;6.28%;6.57%;5%;5.60%;5.80%;4%;4.06%;4.84%;19%
Brunei;0.44%;0.55%;27%;1.86%;2.34%;26%;2.31%;2.83%;23%;2.27%;2.73%;20%;2.19%;2.57%;17%;2.16%;2.44%;13%;2.11%;2.36%;11%;2.09%;2.33%;11%;2.08%;2.29%;10%;2.07%;2.24%;8%;2.11%;2.25%;7%;2.16%;2.31%;7%;2.27%;2.42%;6%;1.65%;2.03%;23%
Bulgaria;0.37%;0.68%;86%;1.89%;3.06%;62%;2.85%;4.18%;47%;3.10%;4.27%;38%;3.32%;4.34%;31%;3.63%;4.50%;24%;3.97%;4.80%;21%;4.34%;5.22%;20%;4.64%;5.53%;19%;4.93%;5.81%;18%;5.23%;6.05%;16%;5.53%;6.25%;13%;6.13%;6.50%;6%;3.72%;4.58%;23%
Burkina Faso;0.53%;0.60%;14%;2.76%;3.12%;13%;4.10%;4.48%;9%;5.13%;5.19%;1%;5.86%;5.69%;-3%;6.32%;6.15%;-3%;6.70%;6.61%;-1%;6.92%;7.10%;3%;7.06%;7.54%;7%;7.17%;7.94%;11%;7.72%;8.60%;11%;8.95%;9.66%;8%;10.86%;11.23%;3%;3.00%;3.24%;8%
Burundi;0.62%;0.79%;27%;3.37%;4.02%;19%;4.95%;5.65%;14%;5.49%;6.21%;13%;5.89%;6.59%;12%;6.34%;6.94%;9%;6.87%;7.42%;8%;7.56%;8.13%;8%;8.19%;8.78%;7%;8.83%;9.38%;6%;9.47%;9.85%;4%;9.99%;10.24%;2%;10.68%;10.69%;0%;3.34%;3.87%;16%
Cambodia;0.50%;0.68%;35%;2.50%;3.24%;30%;3.44%;4.11%;20%;3.44%;3.99%;16%;3.60%;4.08%;13%;4.12%;4.58%;11%;4.66%;5.07%;9%;5.00%;5.38%;8%;5.25%;5.57%;6%;5.39%;5.63%;4%;5.39%;5.64%;5%;5.16%;5.37%;4%;4.63%;4.73%;2%;2.69%;3.29%;23%
Cameroon;0.55%;0.64%;17%;3.03%;3.34%;10%;4.58%;4.86%;6%;5.27%;5.58%;6%;5.78%;6.14%;6%;6.30%;6.67%;6%;6.84%;7.16%;5%;7.34%;7.62%;4%;7.76%;8.05%;4%;8.16%;8.43%;3%;8.77%;9.03%;3%;9.78%;10.00%;2%;11.28%;11.46%;2%;3.30%;3.65%;11%
Canada;0.88%;1.19%;35%;4.05%;5.62%;39%;5.05%;6.89%;36%;4.94%;6.40%;29%;4.84%;6.10%;26%;4.98%;6.34%;27%;4.98%;6.30%;27%;4.63%;5.71%;23%;4.16%;5.00%;20%;3.64%;4.27%;17%;3.16%;3.65%;16%;2.81%;3.27%;16%;2.35%;2.76%;18%;3.52%;4.31%;23%
Cape Verde;0.62%;0.84%;35%;3.26%;4.14%;27%;5.06%;6.04%;19%;5.84%;6.83%;17%;6.41%;7.40%;15%;6.92%;7.86%;14%;7.44%;8.29%;11%;7.96%;8.71%;9%;8.43%;9.06%;7%;8.87%;9.38%;6%;9.44%;9.95%;5%;10.29%;10.82%;5%;11.72%;12.04%;3%;4.45%;5.85%;31%
Central African Republic;0.68%;0.80%;18%;4.65%;5.10%;10%;7.79%;8.28%;6%;8.39%;8.96%;7%;8.80%;9.42%;7%;9.30%;9.87%;6%;9.65%;10.13%;5%;9.69%;10.06%;4%;9.65%;9.98%;3%;9.56%;9.88%;3%;9.68%;9.98%;3%;10.12%;10.36%;2%;10.72%;10.87%;1%;4.74%;5.24%;11%
Chad;0.62%;0.67%;9%;3.60%;3.65%;1%;5.33%;5.26%;-1%;5.99%;6.11%;2%;6.57%;6.79%;3%;7.27%;7.40%;2%;7.90%;7.94%;1%;8.54%;8.45%;-1%;9.11%;8.86%;-3%;9.68%;9.26%;-4%;10.55%;9.97%;-6%;11.80%;11.15%;-6%;13.72%;12.99%;-5%;3.43%;3.39%;-1%
Chile;1.01%;1.38%;36%;4.82%;6.50%;35%;6.19%;7.91%;28%;5.61%;6.93%;23%;5.25%;6.25%;19%;5.51%;6.33%;15%;5.58%;6.24%;12%;5.30%;5.87%;11%;4.96%;5.46%;10%;4.61%;5.05%;10%;4.33%;4.70%;9%;4.21%;4.48%;6%;4.10%;4.20%;3%;4.19%;4.95%;18%
China;0.35%;0.27%;-23%;1.53%;1.37%;-11%;2.06%;2.06%;0%;2.40%;2.48%;3%;2.84%;2.98%;5%;3.42%;3.57%;4%;4.12%;4.25%;3%;4.85%;4.96%;2%;5.52%;5.58%;1%;6.21%;6.15%;-1%;6.77%;6.55%;-3%;6.96%;6.68%;-4%;6.84%;6.52%;-5%;3.38%;3.73%;10%
Colombia;0.34%;0.40%;19%;1.83%;2.05%;12%;2.80%;3.02%;8%;2.88%;3.12%;9%;2.92%;3.18%;9%;3.08%;3.29%;7%;3.24%;3.43%;6%;3.43%;3.63%;6%;3.63%;3.81%;5%;3.82%;3.97%;4%;3.96%;4.10%;3%;3.99%;4.12%;3%;4.06%;4.17%;3%;2.28%;2.70%;18%
Comoros;0.57%;0.74%;30%;2.94%;3.58%;22%;4.25%;5.01%;18%;4.77%;5.52%;16%;5.13%;5.86%;14%;5.50%;6.18%;12%;5.96%;6.63%;11%;6.61%;7.29%;10%;7.25%;7.90%;9%;7.84%;8.50%;8%;8.34%;9.06%;9%;8.63%;9.43%;9%;9.04%;9.78%;8%;3.46%;4.38%;26%
Congo;0.71%;0.87%;22%;4.85%;5.15%;6%;7.81%;8.04%;3%;7.92%;8.58%;8%;8.13%;9.02%;11%;8.94%;9.56%;7%;9.42%;9.82%;4%;9.32%;9.76%;5%;9.18%;9.67%;5%;8.99%;9.60%;7%;9.14%;9.74%;7%;9.91%;10.19%;3%;11.07%;10.76%;-3%;5.01%;5.71%;14%
Cook Islands;0.45%;0.54%;22%;2.38%;2.80%;18%;3.64%;4.16%;14%;3.98%;4.43%;11%;4.25%;4.64%;9%;4.48%;4.85%;8%;4.79%;5.12%;7%;5.03%;5.37%;7%;5.23%;5.46%;4%;5.24%;5.48%;5%;5.34%;5.46%;2%;5.16%;5.32%;3%;4.77%;4.85%;2%;3.28%;3.84%;17%
Costa Rica;0.41%;0.53%;31%;2.27%;2.97%;31%;3.63%;4.59%;27%;3.95%;4.97%;26%;4.22%;5.23%;24%;4.56%;5.49%;20%;4.85%;5.71%;18%;5.09%;5.90%;16%;5.31%;6.07%;14%;5.53%;6.23%;13%;5.64%;6.26%;11%;5.57%;6.07%;9%;5.54%;5.79%;5%;3.28%;4.26%;30%
Cote d'Ivoire;0.49%;0.54%;11%;2.66%;2.76%;4%;3.93%;3.98%;1%;4.42%;4.65%;5%;4.76%;5.14%;8%;5.13%;5.54%;8%;5.56%;5.90%;6%;6.03%;6.27%;4%;6.41%;6.63%;3%;6.76%;6.97%;3%;7.30%;7.49%;3%;8.09%;8.29%;3%;9.25%;9.56%;3%;2.87%;3.09%;8%
Croatia;0.43%;0.59%;36%;2.15%;2.81%;31%;3.27%;4.01%;23%;3.41%;4.08%;20%;3.57%;4.16%;17%;3.94%;4.44%;13%;4.36%;4.83%;11%;4.81%;5.33%;11%;5.18%;5.74%;11%;5.52%;6.11%;11%;5.92%;6.40%;8%;6.21%;6.56%;6%;6.80%;6.94%;2%;4.05%;4.66%;15%
Cuba;0.45%;0.62%;39%;2.43%;3.33%;37%;3.70%;4.86%;31%;3.98%;5.04%;27%;4.33%;5.34%;23%;4.94%;5.96%;20%;5.49%;6.51%;18%;5.91%;6.96%;18%;6.30%;7.34%;16%;6.66%;7.69%;15%;6.91%;7.83%;13%;6.95%;7.65%;10%;7.13%;7.36%;3%;4.41%;5.49%;24%
Cyprus;1.00%;1.25%;26%;3.33%;4.35%;31%;3.97%;5.05%;27%;4.12%;5.08%;23%;4.24%;5.07%;20%;4.39%;5.17%;18%;4.43%;5.18%;17%;4.36%;5.06%;16%;4.29%;4.87%;13%;4.23%;4.68%;11%;4.19%;4.53%;8%;4.16%;4.43%;6%;4.17%;4.31%;3%;3.54%;4.20%;19%
Czechia;0.39%;0.59%;50%;2.14%;2.86%;34%;3.27%;4.08%;25%;3.45%;4.21%;22%;3.64%;4.32%;19%;4.03%;4.56%;13%;4.43%;4.89%;10%;4.80%;5.29%;10%;5.10%;5.60%;10%;5.39%;5.86%;9%;5.59%;6.03%;8%;5.63%;6.03%;7%;5.85%;6.06%;4%;3.88%;4.39%;13%
Democratic Republic of Congo;0.66%;0.78%;20%;4.32%;4.81%;11%;6.99%;7.55%;8%;7.43%;8.05%;8%;7.77%;8.40%;8%;8.28%;8.82%;7%;8.64%;9.11%;5%;8.75%;9.19%;5%;8.77%;9.21%;5%;8.78%;9.21%;5%;9.00%;9.39%;4%;9.54%;9.84%;3%;10.35%;10.51%;2%;4.19%;4.76%;14%
Denmark;1.01%;1.25%;24%;3.36%;4.35%;29%;4.29%;5.32%;24%;4.50%;5.42%;20%;4.82%;5.63%;17%;5.55%;6.20%;12%;5.89%;6.45%;10%;5.64%;6.20%;10%;5.35%;5.90%;10%;5.06%;5.63%;11%;4.89%;5.43%;11%;4.90%;5.29%;8%;5.03%;5.06%;1%;4.20%;4.77%;14%
Djibouti;0.60%;0.75%;25%;3.10%;3.70%;19%;4.54%;5.16%;14%;5.12%;5.72%;12%;5.51%;6.14%;11%;5.92%;6.52%;10%;6.36%;6.94%;9%;6.96%;7.57%;9%;7.54%;8.11%;8%;8.14%;8.63%;6%;8.67%;9.14%;5%;9.21%;9.53%;3%;9.95%;10.19%;2%;3.74%;4.43%;19%
Dominica;0.41%;0.62%;50%;2.16%;2.99%;38%;3.16%;4.23%;34%;3.38%;4.44%;31%;3.62%;4.67%;29%;4.04%;5.05%;25%;4.36%;5.31%;22%;4.49%;5.44%;21%;4.56%;5.51%;21%;4.69%;5.54%;18%;4.76%;5.45%;14%;4.80%;5.27%;10%;4.81%;5.05%;5%;2.94%;3.93%;34%
Dominican Republic;0.48%;0.59%;21%;2.66%;3.26%;22%;3.96%;4.77%;20%;4.14%;4.96%;20%;4.51%;5.22%;16%;5.33%;5.77%;8%;6.02%;6.25%;4%;6.47%;6.57%;2%;6.87%;6.85%;0%;7.26%;7.10%;-2%;7.46%;7.23%;-3%;7.31%;7.17%;-2%;7.06%;7.10%;1%;3.64%;4.25%;17%
East Timor;0.45%;0.64%;41%;2.28%;2.93%;28%;2.99%;3.62%;21%;3.07%;3.59%;17%;3.28%;3.74%;14%;3.78%;4.23%;12%;4.27%;4.69%;10%;4.61%;4.96%;7%;4.82%;5.10%;6%;4.98%;5.20%;4%;5.03%;5.22%;4%;4.83%;5.00%;4%;4.36%;4.45%;2%;2.20%;2.66%;21%
Ecuador;0.45%;0.65%;44%;2.56%;3.71%;45%;3.80%;5.35%;41%;4.00%;5.14%;29%;4.13%;5.05%;22%;4.32%;5.32%;23%;4.62%;5.61%;21%;5.10%;5.93%;16%;5.56%;6.20%;12%;6.00%;6.43%;7%;6.22%;6.48%;4%;6.05%;6.22%;3%;5.74%;5.74%;0%;3.06%;4.00%;31%
Egypt;0.97%;1.18%;22%;3.80%;4.72%;24%;4.42%;5.63%;27%;4.66%;5.87%;26%;4.93%;6.10%;24%;5.42%;6.55%;21%;5.78%;6.87%;19%;5.88%;6.96%;18%;5.89%;6.99%;19%;5.85%;6.99%;19%;5.72%;6.79%;19%;5.58%;6.33%;14%;5.22%;5.54%;6%;3.49%;4.25%;22%
El Salvador;0.44%;0.52%;17%;2.73%;3.27%;20%;4.42%;5.20%;18%;4.58%;5.42%;18%;4.67%;5.52%;18%;4.91%;5.69%;16%;5.12%;5.83%;14%;5.27%;5.95%;13%;5.39%;6.04%;12%;5.51%;6.12%;11%;5.60%;6.13%;9%;5.59%;6.01%;8%;5.75%;5.92%;3%;3.19%;3.98%;25%
Equatorial Guinea;0.67%;0.83%;25%;4.41%;5.00%;13%;7.32%;7.99%;9%;7.89%;8.57%;9%;8.37%;9.03%;8%;9.00%;9.60%;7%;9.41%;9.99%;6%;9.48%;10.04%;6%;9.42%;9.97%;6%;9.32%;9.86%;6%;9.47%;9.97%;5%;9.94%;10.40%;5%;10.68%;11.03%;3%;4.35%;5.30%;22%
Eritrea;0.62%;0.73%;18%;3.27%;3.78%;15%;4.82%;5.37%;12%;5.41%;5.95%;10%;5.87%;6.40%;9%;6.44%;6.92%;7%;7.08%;7.51%;6%;7.86%;8.25%;5%;8.60%;8.99%;4%;9.32%;9.70%;4%;9.97%;10.34%;4%;10.41%;10.79%;4%;11.09%;11.32%;2%;3.62%;4.24%;17%
Estonia;0.49%;0.77%;57%;2.62%;3.60%;37%;4.03%;5.06%;26%;4.40%;5.27%;20%;4.72%;5.48%;16%;5.12%;5.95%;16%;5.64%;6.48%;15%;6.27%;7.07%;13%;6.85%;7.58%;11%;7.41%;8.01%;8%;7.91%;8.35%;6%;8.31%;8.54%;3%;9.09%;8.82%;-3%;5.26%;5.90%;12%
Eswatini;0.56%;0.98%;76%;3.06%;5.05%;65%;4.72%;7.25%;53%;5.21%;7.47%;43%;5.71%;7.86%;38%;6.52%;8.73%;34%;7.25%;9.22%;27%;7.73%;9.25%;20%;8.08%;9.26%;15%;8.41%;9.24%;10%;8.72%;9.23%;6%;8.84%;9.29%;5%;9.01%;9.44%;5%;3.53%;5.23%;48%
Ethiopia;0.50%;0.64%;29%;2.83%;3.54%;25%;4.39%;5.33%;21%;5.19%;6.09%;17%;5.82%;6.60%;13%;6.46%;6.99%;8%;7.20%;7.47%;4%;8.08%;8.16%;1%;8.90%;8.78%;-1%;9.67%;9.38%;-3%;10.29%;9.90%;-4%;10.72%;10.30%;-4%;11.34%;10.79%;-5%;3.22%;3.93%;22%
Fiji;0.42%;0.54%;29%;2.24%;2.88%;28%;3.34%;4.13%;24%;3.48%;4.14%;19%;3.64%;4.20%;15%;3.95%;4.42%;12%;4.32%;4.72%;9%;4.63%;5.00%;8%;4.82%;5.16%;7%;4.95%;5.25%;6%;5.00%;5.26%;5%;4.90%;5.12%;5%;4.59%;4.74%;3%;2.81%;3.22%;15%
Finland;1.13%;1.50%;33%;5.20%;6.21%;19%;7.53%;8.35%;11%;6.99%;7.73%;11%;6.64%;7.29%;10%;6.91%;7.48%;8%;6.98%;7.47%;7%;6.72%;7.11%;6%;6.40%;6.76%;6%;6.09%;6.39%;5%;5.80%;6.06%;4%;5.56%;5.72%;3%;5.13%;5.13%;0%;5.34%;5.74%;8%
France;1.00%;1.46%;47%;3.83%;5.04%;32%;4.99%;6.12%;23%;5.14%;6.20%;21%;5.64%;6.52%;16%;6.85%;7.40%;8%;7.45%;7.71%;4%;7.05%;7.18%;2%;6.58%;6.64%;1%;6.09%;6.12%;1%;5.77%;5.76%;0%;5.71%;5.57%;-3%;5.76%;5.38%;-7%;4.96%;5.31%;7%
Gabon;0.69%;0.91%;32%;4.47%;5.43%;21%;7.23%;8.37%;16%;7.63%;8.78%;15%;8.00%;9.10%;14%;8.61%;9.59%;11%;9.03%;9.90%;10%;9.11%;9.93%;9%;9.13%;9.87%;8%;9.13%;9.77%;7%;9.41%;9.91%;5%;10.01%;10.39%;4%;10.86%;11.05%;2%;4.89%;5.89%;20%
Gambia;0.70%;0.88%;25%;3.72%;4.35%;17%;5.32%;6.00%;13%;6.17%;6.83%;11%;6.89%;7.54%;9%;7.60%;8.26%;9%;8.29%;8.91%;7%;8.97%;9.47%;6%;9.54%;9.92%;4%;10.02%;10.38%;4%;10.62%;11.27%;6%;12.10%;12.80%;6%;14.58%;15.01%;3%;4.03%;4.61%;14%
Georgia;0.48%;0.67%;40%;2.31%;3.40%;47%;3.36%;4.69%;40%;3.63%;4.78%;32%;3.84%;4.84%;26%;4.13%;5.02%;22%;4.57%;5.42%;19%;5.20%;6.13%;18%;5.78%;6.75%;17%;6.32%;7.32%;16%;6.89%;7.81%;13%;7.45%;8.19%;10%;8.36%;8.57%;2%;4.24%;5.04%;19%
Germany;1.27%;1.32%;3%;3.96%;4.79%;21%;5.10%;5.78%;13%;5.02%;5.65%;13%;4.97%;5.63%;13%;5.19%;5.96%;15%;5.26%;6.05%;15%;5.09%;5.82%;14%;4.92%;5.56%;13%;4.76%;5.32%;12%;4.63%;5.19%;12%;4.56%;5.15%;13%;4.48%;5.06%;13%;4.29%;4.81%;12%
Ghana;0.56%;0.68%;20%;2.80%;3.38%;21%;4.08%;4.76%;17%;4.96%;5.47%;10%;5.62%;6.00%;7%;6.15%;6.49%;6%;6.66%;6.94%;4%;7.12%;7.35%;3%;7.54%;7.73%;3%;7.90%;8.05%;2%;8.42%;8.62%;2%;9.16%;9.59%;5%;10.29%;11.01%;7%;3.46%;3.93%;14%
Greece;1.47%;2.13%;45%;5.92%;7.09%;20%;7.75%;8.44%;9%;8.01%;8.52%;6%;8.16%;8.59%;5%;8.36%;8.84%;6%;8.45%;8.90%;5%;8.34%;8.72%;5%;8.18%;8.54%;4%;8.02%;8.35%;4%;8.01%;8.14%;2%;8.17%;7.85%;-4%;8.50%;7.47%;-12%;7.03%;7.30%;4%
Greenland;1.64%;2.11%;29%;9.18%;11.92%;30%;12.42%;15.44%;24%;11.31%;13.72%;21%;10.17%;12.24%;20%;9.55%;11.39%;19%;8.97%;10.35%;15%;8.11%;9.14%;13%;7.05%;7.96%;13%;6.04%;6.67%;10%;5.09%;5.51%;8%;4.69%;4.82%;3%;3.95%;3.86%;-2%;6.86%;7.98%;16%
Grenada;0.44%;0.61%;38%;2.40%;3.14%;31%;3.58%;4.51%;26%;3.72%;4.62%;24%;3.91%;4.77%;22%;4.34%;5.16%;19%;4.69%;5.45%;16%;4.83%;5.59%;16%;4.94%;5.67%;15%;5.04%;5.74%;14%;5.11%;5.71%;12%;5.06%;5.51%;9%;5.14%;5.24%;2%;3.14%;4.01%;28%
Guam;0.46%;0.61%;33%;2.67%;3.50%;31%;4.12%;5.22%;27%;3.99%;4.84%;21%;3.95%;4.60%;16%;4.16%;4.73%;14%;4.45%;4.98%;12%;4.77%;5.27%;11%;4.97%;5.41%;9%;5.14%;5.48%;7%;5.16%;5.50%;7%;5.09%;5.37%;6%;4.79%;4.96%;4%;3.16%;3.91%;24%
Guatemala;0.42%;0.58%;37%;2.40%;3.22%;34%;3.77%;4.83%;28%;4.53%;5.22%;15%;5.13%;5.58%;9%;5.67%;6.07%;7%;6.19%;6.48%;5%;6.75%;6.81%;1%;7.27%;7.10%;-2%;7.78%;7.37%;-5%;8.08%;7.52%;-7%;8.08%;7.41%;-8%;8.09%;7.21%;-11%;3.15%;4.00%;27%
Guinea;0.53%;0.64%;21%;2.92%;3.34%;14%;4.36%;4.79%;10%;5.03%;5.54%;10%;5.53%;6.11%;11%;6.01%;6.66%;11%;6.46%;7.13%;10%;6.87%;7.49%;9%;7.19%;7.75%;8%;7.50%;7.98%;6%;8.09%;8.44%;4%;8.98%;9.24%;3%;10.43%;10.53%;1%;3.15%;3.45%;9%
Guinea-Bissau;0.54%;0.64%;18%;2.92%;3.30%;13%;4.37%;4.76%;9%;5.09%;5.53%;9%;5.67%;6.17%;9%;6.28%;6.79%;8%;6.81%;7.31%;7%;7.21%;7.67%;6%;7.54%;7.96%;6%;7.81%;8.20%;5%;8.37%;8.69%;4%;9.26%;9.53%;3%;10.66%;10.87%;2%;3.14%;3.52%;12%
Guyana;0.64%;0.82%;29%;4.08%;5.49%;35%;6.52%;8.55%;31%;6.50%;8.36%;29%;6.58%;8.34%;27%;7.12%;8.87%;24%;7.48%;9.11%;22%;7.48%;8.96%;20%;7.44%;8.76%;18%;7.40%;8.61%;16%;7.35%;8.38%;14%;7.31%;8.08%;11%;7.22%;7.51%;4%;4.56%;6.04%;32%
Haiti;0.43%;0.56%;29%;2.64%;3.29%;25%;4.13%;4.96%;20%;4.33%;5.14%;19%;4.53%;5.36%;18%;4.98%;5.82%;17%;5.31%;6.13%;15%;5.43%;6.19%;14%;5.51%;6.22%;13%;5.58%;6.25%;12%;5.60%;6.21%;11%;5.54%;6.03%;9%;5.37%;5.67%;6%;2.93%;3.63%;24%
Honduras;0.36%;0.53%;50%;1.96%;2.79%;42%;3.07%;4.16%;36%;3.46%;4.60%;33%;3.79%;4.94%;30%;4.20%;5.27%;25%;4.62%;5.61%;21%;5.05%;6.00%;19%;5.47%;6.37%;16%;5.90%;6.72%;14%;6.25%;6.95%;11%;6.43%;6.96%;8%;6.75%;6.92%;3%;2.50%;3.48%;39%
Hungary;0.39%;0.53%;35%;2.01%;2.55%;27%;3.03%;3.62%;20%;3.21%;3.74%;17%;3.47%;3.94%;14%;4.04%;4.40%;9%;4.55%;4.89%;7%;4.90%;5.38%;10%;5.18%;5.77%;11%;5.44%;6.15%;13%;5.63%;6.40%;14%;5.68%;6.36%;12%;5.82%;6.27%;8%;3.84%;4.46%;16%
Iceland;0.87%;1.07%;22%;3.18%;3.75%;18%;4.01%;4.54%;13%;4.12%;4.64%;13%;4.21%;4.67%;11%;4.45%;4.77%;7%;4.56%;4.79%;5%;4.40%;4.66%;6%;4.24%;4.53%;7%;4.07%;4.40%;8%;3.97%;4.28%;8%;3.95%;4.20%;6%;3.95%;4.11%;4%;3.36%;3.72%;11%
India;0.39%;0.56%;42%;2.30%;2.90%;26%;3.69%;4.37%;18%;4.18%;4.90%;17%;4.70%;5.46%;16%;5.49%;6.23%;13%;6.12%;6.82%;11%;6.53%;7.14%;9%;6.97%;7.43%;7%;7.48%;7.71%;3%;7.87%;7.92%;1%;7.94%;7.96%;0%;7.53%;7.65%;2%;3.55%;4.42%;24%
Indonesia;0.35%;0.52%;51%;1.71%;2.42%;42%;2.35%;3.11%;33%;2.64%;3.28%;24%;2.98%;3.53%;18%;3.45%;3.97%;15%;3.90%;4.38%;12%;4.16%;4.60%;11%;4.29%;4.70%;9%;4.36%;4.73%;8%;4.36%;4.65%;7%;4.17%;4.40%;5%;3.69%;3.86%;5%;2.33%;2.99%;28%
Iran;0.91%;1.13%;25%;4.55%;5.78%;27%;6.51%;7.83%;20%;6.94%;8.15%;17%;7.31%;8.36%;14%;7.80%;8.58%;10%;8.07%;8.56%;6%;7.89%;8.20%;4%;7.66%;7.84%;2%;7.41%;7.49%;1%;7.09%;7.09%;0%;6.60%;6.65%;1%;5.72%;5.78%;1%;5.34%;6.11%;14%
Iraq;1.07%;1.02%;-5%;3.55%;4.19%;18%;4.07%;5.45%;34%;4.23%;5.74%;36%;4.50%;6.17%;37%;5.13%;6.89%;34%;5.58%;7.23%;30%;5.63%;6.92%;23%;5.57%;6.59%;18%;5.48%;6.29%;15%;5.34%;5.92%;11%;5.08%;5.47%;8%;4.56%;4.65%;2%;3.10%;4.20%;35%
Ireland;1.10%;1.57%;44%;4.64%;6.37%;37%;6.06%;8.53%;41%;6.04%;7.92%;31%;6.01%;7.48%;25%;6.22%;7.55%;21%;6.30%;7.39%;17%;6.17%;7.02%;14%;6.01%;6.64%;10%;5.85%;6.31%;8%;5.70%;5.93%;4%;5.57%;5.50%;-1%;5.41%;4.80%;-11%;4.78%;5.59%;17%
Israel;1.08%;1.44%;33%;4.34%;5.45%;26%;5.87%;6.69%;14%;6.48%;6.69%;3%;6.87%;6.70%;-3%;7.13%;6.92%;-3%;7.22%;7.00%;-3%;7.12%;6.89%;-3%;7.00%;6.76%;-3%;6.87%;6.65%;-3%;6.74%;6.63%;-2%;6.60%;6.67%;1%;6.39%;6.74%;5%;4.85%;5.07%;5%
Italy;0.83%;1.32%;60%;3.51%;5.08%;45%;4.51%;6.13%;36%;4.82%;6.29%;31%;5.01%;6.39%;28%;5.19%;6.53%;26%;5.30%;6.54%;23%;5.32%;6.35%;19%;5.32%;6.13%;15%;5.32%;5.91%;11%;5.40%;5.76%;7%;5.58%;5.67%;2%;6.11%;5.69%;-7%;4.59%;5.37%;17%
Jamaica;0.43%;0.62%;43%;2.11%;3.02%;43%;3.06%;4.25%;39%;3.32%;4.43%;33%;3.57%;4.64%;30%;3.95%;5.03%;27%;4.23%;5.30%;25%;4.41%;5.41%;23%;4.59%;5.47%;19%;4.70%;5.52%;17%;4.74%;5.54%;17%;4.68%;5.28%;13%;4.60%;4.94%;8%;2.79%;3.86%;38%
Japan;0.37%;0.53%;42%;2.38%;3.06%;28%;3.94%;4.68%;19%;3.72%;4.29%;15%;3.46%;3.89%;12%;3.40%;3.76%;11%;3.30%;3.60%;9%;3.14%;3.39%;8%;2.96%;3.18%;7%;2.80%;2.97%;6%;2.69%;2.84%;5%;2.68%;2.87%;7%;2.79%;3.07%;10%;2.69%;3.00%;12%
Jordan;0.98%;1.28%;31%;3.97%;4.67%;18%;4.86%;5.58%;15%;5.09%;5.86%;15%;5.42%;6.16%;14%;6.03%;6.66%;10%;6.42%;6.91%;8%;6.45%;6.79%;5%;6.42%;6.64%;3%;6.41%;6.50%;1%;6.26%;6.30%;1%;5.86%;6.04%;3%;5.30%;5.41%;2%;3.61%;4.51%;25%
Kazakhstan;0.52%;0.60%;16%;2.70%;3.39%;26%;3.94%;4.98%;26%;4.12%;5.02%;22%;4.21%;5.02%;19%;4.33%;5.13%;19%;4.64%;5.39%;16%;5.23%;5.81%;11%;5.78%;6.13%;6%;6.34%;6.44%;2%;6.80%;6.74%;-1%;7.19%;7.05%;-2%;7.80%;7.60%;-2%;3.69%;4.04%;9%
Kenya;0.50%;0.64%;28%;2.99%;3.45%;15%;4.81%;5.30%;10%;5.74%;6.14%;7%;6.35%;6.65%;5%;6.83%;7.00%;3%;7.36%;7.48%;2%;7.97%;8.20%;3%;8.53%;8.89%;4%;9.06%;9.55%;5%;9.68%;10.18%;5%;10.41%;10.76%;3%;11.67%;11.54%;-1%;3.56%;4.26%;20%
Kiribati;0.40%;0.48%;19%;2.28%;2.65%;16%;3.49%;3.92%;12%;3.60%;3.98%;10%;3.76%;4.09%;9%;4.09%;4.38%;7%;4.46%;4.72%;6%;4.74%;4.97%;5%;4.90%;5.09%;4%;5.00%;5.13%;3%;5.01%;5.13%;2%;4.88%;5.04%;3%;4.55%;4.67%;3%;2.53%;2.85%;13%
Kuwait;0.99%;1.09%;10%;3.90%;4.25%;9%;4.94%;5.22%;6%;5.24%;5.60%;7%;5.57%;6.04%;8%;6.06%;6.49%;7%;6.29%;6.67%;6%;6.21%;6.61%;6%;6.02%;6.43%;7%;6.00%;6.27%;4%;5.67%;6.01%;6%;5.52%;5.69%;3%;4.97%;5.16%;4%;4.37%;5.08%;16%
Kyrgyzstan;0.52%;0.65%;26%;2.60%;3.44%;32%;3.81%;4.80%;26%;4.07%;4.92%;21%;4.27%;5.01%;17%;4.56%;5.22%;14%;4.95%;5.57%;13%;5.45%;6.12%;12%;5.90%;6.55%;11%;6.32%;6.96%;10%;6.75%;7.32%;8%;7.08%;7.64%;8%;7.83%;8.06%;3%;3.26%;3.81%;17%
Laos;0.45%;0.59%;31%;2.32%;2.94%;27%;3.24%;3.82%;18%;3.16%;3.62%;15%;3.24%;3.64%;12%;3.69%;4.08%;10%;4.14%;4.51%;9%;4.44%;4.77%;7%;4.60%;4.90%;6%;4.70%;4.95%;5%;4.71%;4.91%;4%;4.52%;4.68%;4%;4.03%;4.13%;2%;2.31%;2.87%;25%
Latvia;0.45%;0.76%;70%;2.32%;3.57%;54%;3.68%;5.11%;39%;4.39%;5.76%;31%;4.99%;6.22%;25%;5.53%;6.59%;19%;6.02%;7.06%;17%;6.36%;7.59%;19%;6.63%;8.00%;21%;6.89%;8.34%;21%;7.15%;8.54%;20%;7.42%;8.57%;15%;7.93%;8.42%;6%;5.06%;6.19%;22%
Lebanon;1.09%;1.78%;63%;4.54%;6.75%;49%;6.09%;8.04%;32%;6.45%;8.23%;28%;6.93%;8.56%;24%;7.68%;9.18%;20%;8.17%;9.47%;16%;8.18%;9.19%;12%;8.02%;8.83%;10%;7.97%;8.48%;6%;7.71%;8.02%;4%;7.30%;7.40%;1%;6.40%;6.13%;-4%;5.23%;6.61%;26%
Lesotho;0.74%;1.28%;74%;4.06%;6.22%;53%;6.12%;8.64%;41%;6.61%;9.02%;37%;7.19%;9.51%;32%;8.24%;10.50%;27%;9.10%;11.21%;23%;9.49%;11.41%;20%;9.69%;11.54%;19%;9.82%;11.66%;19%;10.17%;11.73%;15%;10.82%;11.85%;10%;11.90%;12.40%;4%;4.81%;6.63%;38%
Liberia;0.70%;0.68%;-3%;3.76%;3.36%;-11%;5.25%;4.77%;-9%;5.78%;5.52%;-4%;6.18%;6.09%;-1%;6.89%;6.62%;-4%;7.28%;6.95%;-5%;7.67%;7.41%;-3%;7.95%;7.75%;-3%;8.40%;8.26%;-2%;9.09%;8.75%;-4%;10.01%;9.77%;-2%;10.95%;11.33%;3%;3.65%;3.75%;3%
Libya;1.03%;1.34%;31%;4.20%;5.01%;19%;5.39%;6.22%;15%;5.69%;6.60%;16%;6.06%;6.96%;15%;6.70%;7.48%;12%;7.09%;7.77%;10%;7.05%;7.64%;8%;6.93%;7.43%;7%;6.79%;7.20%;6%;6.52%;6.91%;6%;6.11%;6.52%;7%;5.44%;5.64%;4%;4.40%;5.55%;26%
Lithuania;0.53%;0.79%;51%;2.72%;4.18%;53%;4.36%;6.22%;43%;4.83%;6.64%;38%;5.30%;7.01%;32%;5.95%;7.52%;26%;6.54%;8.02%;23%;6.96%;8.42%;21%;7.30%;8.69%;19%;7.62%;8.88%;17%;7.85%;8.94%;14%;7.91%;8.75%;11%;8.05%;8.29%;3%;5.38%;6.73%;25%
Luxembourg;0.91%;1.22%;34%;3.44%;4.33%;26%;4.46%;5.25%;18%;4.58%;5.34%;16%;4.69%;5.32%;13%;4.96%;5.44%;10%;5.06%;5.45%;8%;4.91%;5.30%;8%;4.76%;5.12%;8%;4.59%;4.96%;8%;4.52%;4.88%;8%;4.59%;4.84%;5%;4.80%;4.86%;1%;3.93%;4.44%;13%
Madagascar;0.61%;0.79%;30%;3.31%;4.00%;21%;4.84%;5.64%;17%;5.40%;6.22%;15%;5.81%;6.60%;14%;6.25%;6.95%;11%;6.78%;7.44%;10%;7.46%;8.18%;10%;8.12%;8.87%;9%;8.78%;9.48%;8%;9.40%;10.01%;6%;9.93%;10.44%;5%;10.61%;10.97%;3%;3.35%;4.10%;22%
Malawi;0.54%;0.76%;42%;2.85%;3.62%;27%;4.18%;5.05%;21%;4.82%;5.59%;16%;5.21%;5.92%;14%;5.49%;6.20%;13%;5.92%;6.55%;11%;6.53%;7.09%;9%;7.09%;7.67%;8%;7.61%;8.22%;8%;8.06%;8.68%;8%;8.35%;8.98%;7%;8.85%;9.35%;6%;2.83%;3.55%;25%
Malaysia;1.14%;0.79%;-31%;4.44%;3.46%;-22%;3.56%;4.10%;15%;3.49%;4.03%;15%;3.68%;4.19%;14%;4.26%;4.76%;12%;4.82%;5.36%;11%;5.21%;5.84%;12%;5.46%;6.17%;13%;5.66%;6.41%;13%;5.73%;6.48%;13%;5.62%;6.22%;11%;5.32%;5.63%;6%;3.39%;3.85%;14%
Maldives;0.55%;0.65%;20%;2.63%;3.14%;20%;3.54%;3.94%;11%;3.55%;3.77%;6%;3.73%;3.80%;2%;4.25%;4.22%;-1%;4.78%;4.72%;-1%;5.14%;5.15%;0%;5.35%;5.45%;2%;5.51%;5.68%;3%;5.63%;5.77%;3%;5.49%;5.60%;2%;5.11%;5.14%;1%;2.95%;3.60%;22%
Mali;0.45%;0.52%;18%;2.35%;2.69%;14%;3.46%;3.85%;11%;4.09%;4.49%;10%;4.52%;4.95%;10%;4.84%;5.31%;10%;5.19%;5.61%;8%;5.52%;5.85%;6%;5.79%;6.06%;5%;6.02%;6.25%;4%;6.38%;6.63%;4%;6.95%;7.28%;5%;7.76%;8.22%;6%;2.35%;2.56%;9%
Malta;1.01%;1.22%;20%;3.36%;4.28%;28%;4.02%;4.99%;24%;4.15%;5.03%;21%;4.22%;5.04%;20%;4.37%;5.09%;17%;4.44%;5.07%;14%;4.39%;4.95%;13%;4.33%;4.80%;11%;4.26%;4.66%;9%;4.24%;4.57%;8%;4.24%;4.50%;6%;4.28%;4.44%;4%;3.65%;4.19%;15%
Marshall Islands;0.39%;0.49%;25%;2.25%;2.60%;15%;3.44%;3.82%;11%;3.53%;3.87%;9%;3.67%;3.97%;8%;4.00%;4.26%;7%;4.37%;4.60%;5%;4.65%;4.86%;5%;4.79%;5.00%;4%;4.85%;5.06%;4%;4.88%;5.06%;4%;4.77%;4.91%;3%;4.45%;4.52%;2%;2.44%;2.94%;21%
Mauritania;0.47%;0.57%;23%;2.38%;2.82%;19%;3.45%;3.99%;15%;4.16%;4.60%;11%;4.68%;5.04%;8%;5.08%;5.40%;6%;5.42%;5.79%;7%;5.68%;6.16%;8%;5.88%;6.45%;10%;6.05%;6.70%;11%;6.51%;7.15%;10%;7.38%;7.91%;7%;8.77%;9.04%;3%;2.67%;3.05%;14%
Mauritius;0.76%;1.14%;50%;3.73%;5.09%;36%;4.76%;6.11%;28%;4.59%;5.56%;21%;4.81%;5.38%;12%;5.78%;5.95%;3%;6.61%;6.48%;-2%;7.02%;6.78%;-4%;7.31%;6.93%;-5%;7.54%;7.02%;-7%;7.55%;6.94%;-8%;7.06%;6.57%;-7%;6.04%;5.86%;-3%;4.68%;5.32%;14%
Mexico;0.36%;0.52%;45%;2.23%;3.31%;48%;3.65%;5.41%;48%;4.10%;5.90%;44%;4.54%;6.28%;38%;5.13%;6.71%;31%;5.58%;6.92%;24%;5.83%;6.85%;18%;6.02%;6.76%;12%;6.20%;6.65%;7%;6.34%;6.54%;3%;6.38%;6.40%;0%;6.52%;6.16%;-5%;3.35%;4.62%;38%
Micronesia (country);0.41%;0.50%;22%;2.22%;2.58%;16%;3.37%;3.77%;12%;3.49%;3.84%;10%;3.66%;3.96%;8%;4.01%;4.26%;6%;4.39%;4.61%;5%;4.67%;4.89%;5%;4.82%;5.05%;5%;4.92%;5.12%;4%;4.95%;5.12%;3%;4.89%;4.99%;2%;4.60%;4.66%;1%;2.49%;3.00%;20%
Moldova;0.46%;0.66%;43%;2.08%;2.96%;43%;3.10%;4.15%;34%;3.57%;4.56%;28%;4.01%;4.90%;22%;4.55%;5.31%;17%;5.13%;5.79%;13%;5.65%;6.32%;12%;6.08%;6.76%;11%;6.48%;7.15%;10%;6.72%;7.31%;9%;6.66%;7.15%;7%;6.51%;6.74%;4%;4.14%;5.06%;22%
Monaco;1.11%;1.53%;38%;4.23%;5.63%;33%;5.41%;6.93%;28%;5.92%;7.27%;23%;6.12%;7.39%;21%;6.29%;7.54%;20%;6.31%;7.50%;19%;6.14%;7.10%;16%;6.01%;6.75%;12%;5.86%;6.40%;9%;5.75%;6.18%;7%;5.69%;5.94%;5%;5.55%;5.65%;2%;5.12%;5.79%;13%
Mongolia;0.57%;0.52%;-9%;3.18%;3.34%;5%;4.91%;5.13%;5%;5.08%;5.27%;4%;5.22%;5.38%;3%;5.55%;5.69%;3%;5.99%;6.10%;2%;6.55%;6.63%;1%;7.05%;7.10%;1%;7.54%;7.55%;0%;7.85%;7.88%;0%;7.75%;7.96%;3%;7.83%;7.99%;2%;4.02%;4.09%;2%
Montenegro;0.40%;0.60%;53%;2.06%;2.96%;44%;3.16%;4.23%;34%;3.37%;4.32%;28%;3.56%;4.40%;24%;3.87%;4.63%;20%;4.19%;4.95%;18%;4.54%;5.35%;18%;4.78%;5.59%;17%;5.05%;5.81%;15%;5.38%;5.96%;11%;5.54%;6.02%;9%;5.82%;6.23%;7%;3.45%;4.23%;23%
Morocco;1.06%;1.44%;36%;4.57%;5.84%;28%;6.08%;7.39%;22%;6.42%;7.67%;20%;6.88%;8.09%;18%;7.72%;8.93%;16%;8.32%;9.45%;14%;8.44%;9.44%;12%;8.48%;9.37%;10%;8.56%;9.26%;8%;8.41%;8.86%;5%;7.83%;8.04%;3%;6.57%;6.64%;1%;5.04%;6.26%;24%
Mozambique;0.59%;0.80%;37%;3.42%;4.25%;24%;5.11%;6.07%;19%;5.67%;6.69%;18%;6.10%;7.11%;17%;6.66%;7.55%;13%;7.23%;8.10%;12%;7.92%;8.86%;12%;8.59%;9.54%;11%;9.24%;10.15%;10%;9.79%;10.64%;9%;10.29%;11.03%;7%;11.12%;11.53%;4%;3.42%;4.02%;18%
Myanmar;0.34%;0.56%;65%;1.49%;2.32%;56%;1.97%;2.79%;41%;2.28%;2.94%;29%;2.64%;3.20%;21%;3.11%;3.65%;17%;3.57%;4.08%;14%;3.85%;4.33%;12%;4.00%;4.44%;11%;4.07%;4.47%;10%;4.06%;4.40%;8%;3.87%;4.15%;7%;3.34%;3.54%;6%;2.07%;2.64%;27%
Namibia;0.50%;0.81%;64%;2.56%;3.96%;55%;3.80%;5.58%;47%;4.17%;5.90%;41%;4.54%;6.21%;37%;5.14%;6.72%;31%;5.64%;7.07%;25%;5.94%;7.19%;21%;6.16%;7.25%;18%;6.34%;7.28%;15%;6.58%;7.33%;11%;6.93%;7.39%;7%;7.61%;7.48%;-2%;2.97%;4.24%;43%
Nauru;0.41%;0.50%;23%;2.36%;2.76%;17%;3.59%;4.11%;14%;3.93%;4.38%;12%;4.20%;4.60%;9%;4.46%;4.80%;8%;4.77%;5.08%;6%;5.07%;5.33%;5%;5.24%;5.47%;4%;5.35%;5.55%;4%;5.37%;5.57%;4%;5.22%;5.45%;4%;4.83%;5.03%;4%;2.65%;2.97%;12%
Nepal;0.53%;0.76%;42%;2.99%;3.83%;28%;4.76%;5.75%;21%;5.42%;6.63%;22%;6.19%;7.53%;22%;7.39%;8.66%;17%;8.42%;9.51%;13%;9.22%;10.05%;9%;10.02%;10.53%;5%;10.86%;11.02%;2%;11.49%;11.37%;-1%;11.76%;11.31%;-4%;11.68%;10.71%;-8%;4.50%;5.68%;26%
Netherlands;0.98%;1.42%;45%;3.79%;4.89%;29%;4.94%;5.96%;21%;4.99%;5.98%;20%;5.10%;6.10%;20%;5.52%;6.54%;19%;5.67%;6.67%;18%;5.43%;6.30%;16%;5.16%;5.90%;14%;4.89%;5.53%;13%;4.68%;5.24%;12%;4.56%;5.03%;10%;4.47%;4.75%;6%;4.19%;4.92%;17%
New Zealand;1.12%;1.05%;-7%;5.40%;5.54%;3%;6.58%;7.25%;10%;5.96%;6.38%;7%;5.43%;5.64%;4%;5.38%;5.31%;-1%;5.19%;5.00%;-4%;4.79%;4.68%;-2%;4.34%;4.30%;-1%;3.88%;3.91%;1%;3.45%;3.54%;3%;3.12%;3.23%;3%;2.63%;2.79%;6%;3.91%;4.01%;3%
Nicaragua;0.44%;0.54%;22%;2.68%;3.23%;21%;4.16%;4.92%;18%;4.15%;4.95%;19%;4.21%;4.99%;18%;4.58%;5.25%;15%;4.90%;5.49%;12%;5.10%;5.69%;12%;5.29%;5.88%;11%;5.47%;6.04%;10%;5.58%;6.08%;9%;5.50%;5.91%;7%;5.47%;5.68%;4%;2.92%;3.68%;26%
Niger;0.50%;0.54%;9%;2.84%;2.90%;2%;4.15%;4.17%;0%;4.82%;4.83%;0%;5.33%;5.33%;0%;5.74%;5.82%;1%;6.15%;6.35%;3%;6.59%;6.83%;4%;6.97%;7.12%;2%;7.37%;7.34%;0%;7.83%;7.82%;0%;8.67%;8.76%;1%;9.95%;10.16%;2%;2.65%;2.67%;1%
Nigeria;0.51%;0.47%;-7%;2.86%;2.59%;-9%;4.04%;3.83%;-5%;4.53%;4.41%;-3%;4.90%;4.85%;-1%;5.30%;5.31%;0%;5.69%;5.70%;0%;6.14%;6.03%;-2%;6.51%;6.33%;-3%;6.85%;6.59%;-4%;7.48%;7.09%;-5%;8.71%;7.95%;-9%;10.41%;9.41%;-10%;2.88%;2.79%;-3%
Niue;0.43%;0.52%;23%;2.34%;2.72%;16%;3.57%;4.09%;15%;3.92%;4.39%;12%;4.19%;4.61%;10%;4.44%;4.81%;8%;4.72%;5.08%;8%;5.00%;5.32%;6%;5.18%;5.42%;5%;5.30%;5.46%;3%;5.35%;5.44%;2%;5.26%;5.35%;2%;4.85%;4.97%;3%;3.34%;3.72%;11%
North Korea;0.34%;0.38%;10%;1.50%;1.61%;8%;2.12%;2.22%;5%;2.46%;2.55%;4%;2.89%;2.96%;2%;3.46%;3.50%;1%;4.09%;4.13%;1%;4.67%;4.73%;1%;5.16%;5.23%;1%;5.64%;5.68%;1%;6.03%;6.05%;0%;6.19%;6.16%;0%;6.14%;5.99%;-2%;2.98%;3.36%;13%
North Macedonia;0.39%;0.62%;61%;1.86%;2.93%;57%;2.78%;4.03%;45%;2.99%;4.08%;37%;3.16%;4.10%;30%;3.43%;4.24%;23%;3.75%;4.48%;19%;4.08%;4.82%;18%;4.35%;5.07%;17%;4.63%;5.25%;13%;4.90%;5.40%;10%;5.09%;5.52%;9%;5.47%;5.71%;4%;3.14%;4.02%;28%
Northern Mariana Islands;0.39%;0.60%;56%;2.19%;2.98%;36%;3.22%;4.24%;32%;3.32%;4.15%;25%;3.49%;4.13%;18%;3.68%;4.36%;19%;4.19%;4.53%;8%;4.29%;5.01%;17%;4.60%;4.84%;5%;4.61%;5.14%;12%;4.71%;4.95%;5%;4.56%;4.91%;8%;4.31%;4.45%;3%;2.86%;3.52%;23%
Norway;0.81%;1.08%;33%;3.99%;4.79%;20%;5.48%;6.29%;15%;5.56%;6.52%;17%;5.56%;6.60%;19%;5.70%;6.60%;16%;5.72%;6.47%;13%;5.54%;6.15%;11%;5.32%;5.79%;9%;5.10%;5.43%;6%;4.97%;5.11%;3%;4.81%;4.83%;0%;4.57%;4.45%;-3%;4.30%;4.85%;13%
Oman;1.02%;1.23%;21%;3.96%;5.11%;29%;4.84%;5.95%;23%;5.01%;5.90%;18%;5.34%;6.13%;15%;5.88%;6.68%;14%;6.22%;7.05%;13%;6.23%;6.91%;11%;6.20%;6.70%;8%;6.19%;6.62%;7%;6.16%;6.53%;6%;5.96%;6.38%;7%;5.51%;5.76%;5%;3.96%;4.88%;23%
Pakistan;0.38%;0.45%;20%;2.14%;2.57%;20%;3.55%;4.14%;16%;4.51%;5.08%;13%;5.33%;5.91%;11%;6.12%;6.72%;10%;6.67%;7.34%;10%;6.97%;7.69%;10%;7.27%;7.95%;9%;7.52%;8.22%;9%;7.74%;8.46%;9%;7.95%;8.47%;7%;7.93%;8.10%;2%;3.16%;3.78%;20%
Palau;0.45%;0.54%;21%;2.36%;2.76%;17%;3.58%;4.07%;14%;3.91%;4.30%;10%;4.18%;4.50%;8%;4.40%;4.68%;6%;4.69%;4.95%;6%;4.98%;5.22%;5%;5.13%;5.38%;5%;5.25%;5.47%;4%;5.28%;5.47%;4%;5.23%;5.32%;2%;4.75%;4.87%;3%;3.43%;3.99%;16%
Palestine;1.43%;1.88%;32%;6.61%;7.62%;15%;8.98%;9.33%;4%;9.40%;9.58%;2%;9.91%;9.93%;0%;10.78%;10.65%;-1%;11.34%;11.07%;-2%;11.35%;11.04%;-3%;11.30%;10.92%;-3%;11.23%;10.77%;-4%;10.90%;10.44%;-4%;10.09%;9.74%;-3%;8.48%;8.43%;-1%;5.81%;6.63%;14%
Panama;0.37%;0.50%;34%;2.09%;2.75%;32%;3.27%;4.14%;27%;3.58%;4.46%;25%;3.81%;4.66%;22%;4.07%;4.87%;20%;4.33%;5.07%;17%;4.61%;5.28%;15%;4.88%;5.47%;12%;5.13%;5.66%;10%;5.32%;5.77%;8%;5.35%;5.72%;7%;5.54%;5.69%;3%;2.90%;3.58%;24%
Papua New Guinea;0.40%;0.43%;7%;2.46%;2.64%;7%;3.94%;4.08%;4%;4.03%;4.15%;3%;4.12%;4.24%;3%;4.33%;4.46%;3%;4.60%;4.75%;3%;4.86%;4.99%;3%;4.98%;5.09%;2%;5.03%;5.14%;2%;5.07%;5.13%;1%;4.92%;4.99%;1%;4.55%;4.62%;2%;2.57%;2.75%;7%
Paraguay;0.48%;0.64%;34%;2.80%;3.87%;38%;4.09%;5.72%;40%;3.96%;5.30%;34%;3.95%;5.06%;28%;4.35%;5.32%;22%;4.68%;5.53%;18%;4.91%;5.66%;15%;5.11%;5.73%;12%;5.30%;5.78%;9%;5.38%;5.69%;6%;5.26%;5.38%;2%;4.94%;4.86%;-2%;2.93%;3.89%;33%
Peru;0.31%;0.46%;46%;1.63%;2.30%;41%;2.40%;3.29%;37%;2.57%;3.47%;35%;2.72%;3.59%;32%;2.98%;3.77%;27%;3.20%;3.94%;23%;3.39%;4.10%;21%;3.54%;4.22%;19%;3.68%;4.30%;17%;3.76%;4.32%;15%;3.75%;4.19%;12%;3.77%;3.96%;5%;2.08%;2.77%;33%
Philippines;0.39%;0.59%;50%;1.98%;2.94%;49%;2.74%;3.92%;43%;3.04%;4.01%;32%;3.42%;4.21%;23%;4.01%;4.66%;16%;4.58%;5.12%;12%;4.99%;5.43%;9%;5.27%;5.62%;7%;5.48%;5.73%;5%;5.60%;5.73%;2%;5.52%;5.53%;0%;5.23%;5.05%;-3%;2.53%;3.28%;30%
Poland;0.28%;0.39%;39%;1.48%;2.09%;40%;2.38%;3.22%;35%;2.71%;3.49%;29%;2.98%;3.71%;25%;3.29%;3.98%;21%;3.55%;4.22%;19%;3.65%;4.37%;20%;3.67%;4.42%;21%;3.65%;4.43%;21%;3.60%;4.36%;21%;3.52%;4.16%;18%;3.42%;3.83%;12%;2.68%;3.35%;25%
Portugal;1.54%;1.95%;27%;5.36%;6.34%;18%;6.28%;7.44%;18%;6.36%;7.44%;17%;6.55%;7.62%;16%;7.16%;8.23%;15%;7.52%;8.47%;13%;7.43%;8.17%;10%;7.33%;7.86%;7%;7.23%;7.57%;5%;7.24%;7.41%;2%;7.29%;7.43%;2%;7.69%;7.65%;0%;6.12%;6.87%;12%
Puerto Rico;0.39%;0.53%;35%;1.96%;2.50%;27%;2.89%;3.60%;25%;3.10%;3.79%;22%;3.35%;4.00%;20%;3.80%;4.39%;16%;4.16%;4.69%;13%;4.33%;4.84%;12%;4.46%;4.96%;11%;4.58%;5.06%;11%;4.60%;5.04%;10%;4.46%;4.82%;8%;4.21%;4.43%;5%;3.07%;3.83%;25%
Qatar;0.95%;1.14%;21%;3.99%;4.71%;18%;4.72%;5.30%;12%;5.09%;5.65%;11%;5.49%;6.13%;12%;6.27%;6.80%;8%;6.72%;7.20%;7%;6.50%;6.91%;6%;6.23%;6.57%;5%;5.94%;6.31%;6%;5.75%;6.08%;6%;5.71%;5.94%;4%;5.36%;5.53%;3%;4.86%;5.37%;10%
Romania;0.38%;0.61%;58%;1.91%;2.79%;46%;2.84%;3.89%;37%;3.07%;3.98%;30%;3.29%;4.08%;24%;3.65%;4.36%;19%;4.03%;4.69%;16%;4.36%;5.02%;15%;4.65%;5.27%;13%;4.92%;5.50%;12%;5.09%;5.66%;11%;5.13%;5.60%;9%;5.17%;5.44%;5%;3.41%;4.11%;20%
Russia;0.35%;0.52%;48%;2.09%;3.00%;44%;3.43%;4.72%;38%;4.02%;5.40%;34%;4.38%;5.75%;31%;4.52%;5.79%;28%;4.72%;5.87%;24%;4.99%;5.96%;19%;5.20%;5.96%;15%;5.39%;5.93%;10%;5.58%;5.93%;6%;5.81%;5.99%;3%;6.17%;6.03%;-2%;3.98%;4.67%;18%
Rwanda;0.66%;0.88%;33%;3.53%;4.31%;22%;5.08%;5.93%;17%;5.59%;6.51%;16%;6.19%;6.90%;12%;6.55%;7.23%;10%;7.08%;7.82%;10%;7.91%;8.64%;9%;8.69%;9.44%;9%;9.44%;10.17%;8%;10.29%;10.79%;5%;10.90%;11.24%;3%;11.71%;11.95%;2%;3.71%;4.65%;25%
Saint Kitts and Nevis;0.47%;0.60%;29%;2.58%;3.25%;26%;3.99%;4.94%;24%;4.44%;5.38%;21%;4.84%;5.74%;19%;5.30%;6.21%;17%;5.70%;6.59%;16%;6.05%;6.86%;13%;6.39%;7.08%;11%;6.66%;7.32%;10%;6.83%;7.42%;9%;6.77%;7.20%;6%;6.66%;6.84%;3%;4.01%;5.19%;30%
Saint Lucia;0.46%;0.68%;48%;2.42%;3.54%;46%;3.63%;5.10%;40%;3.71%;5.05%;36%;3.87%;5.15%;33%;4.37%;5.62%;28%;4.73%;5.90%;25%;4.87%;5.98%;23%;4.98%;6.00%;21%;5.09%;6.00%;18%;5.12%;5.95%;16%;5.10%;5.73%;12%;5.02%;5.36%;7%;3.25%;4.60%;42%
Saint Vincent and the Grenadines;0.45%;0.62%;38%;2.46%;3.38%;37%;3.70%;4.94%;34%;3.80%;4.96%;30%;3.97%;5.08%;28%;4.42%;5.50%;24%;4.77%;5.81%;22%;4.93%;5.90%;20%;5.06%;5.96%;18%;5.18%;6.02%;16%;5.25%;5.98%;14%;5.23%;5.78%;11%;5.15%;5.41%;5%;3.20%;4.26%;33%
Samoa;0.38%;0.46%;20%;2.18%;2.55%;17%;3.28%;3.70%;13%;3.36%;3.72%;11%;3.48%;3.81%;9%;3.78%;4.07%;8%;4.13%;4.39%;6%;4.44%;4.65%;5%;4.63%;4.80%;4%;4.75%;4.91%;3%;4.81%;4.94%;3%;4.74%;4.83%;2%;4.41%;4.48%;2%;2.34%;2.59%;11%
San Marino;1.09%;1.66%;52%;4.27%;5.73%;34%;5.51%;7.11%;29%;5.95%;7.45%;25%;6.22%;7.60%;22%;6.39%;7.67%;20%;6.40%;7.58%;18%;6.24%;7.28%;17%;6.04%;6.92%;14%;5.86%;6.59%;12%;5.72%;6.27%;10%;5.63%;6.01%;7%;5.54%;5.60%;1%;5.03%;5.94%;18%
Sao Tome and Principe;0.53%;0.65%;23%;2.67%;3.03%;13%;3.79%;4.17%;10%;4.35%;4.73%;9%;4.78%;5.16%;8%;5.17%;5.54%;7%;5.53%;5.85%;6%;5.79%;6.04%;4%;5.97%;6.18%;4%;6.10%;6.31%;3%;6.38%;6.61%;4%;6.93%;7.21%;4%;7.88%;8.35%;6%;2.80%;3.40%;22%
Saudi Arabia;1.08%;1.19%;11%;4.12%;4.69%;14%;5.11%;5.72%;12%;5.40%;6.01%;11%;5.70%;6.33%;11%;6.25%;6.87%;10%;6.61%;7.17%;8%;6.59%;7.13%;8%;6.52%;7.05%;8%;6.42%;6.91%;8%;6.27%;6.67%;6%;5.93%;6.21%;5%;5.30%;5.49%;4%;4.27%;5.29%;24%
Senegal;0.51%;0.68%;34%;2.65%;3.24%;22%;3.83%;4.51%;18%;4.32%;5.19%;20%;4.72%;5.69%;20%;5.23%;6.11%;17%;5.76%;6.54%;14%;6.29%;6.99%;11%;6.76%;7.35%;9%;7.20%;7.65%;6%;7.74%;8.16%;5%;8.51%;9.01%;6%;9.67%;10.18%;5%;2.93%;3.56%;22%
Serbia;0.38%;0.56%;48%;1.89%;2.51%;33%;2.95%;3.68%;25%;3.27%;3.94%;20%;3.53%;4.12%;17%;3.85%;4.35%;13%;4.22%;4.69%;11%;4.63%;5.12%;11%;4.97%;5.47%;10%;5.27%;5.75%;9%;5.57%;5.98%;7%;5.85%;6.14%;5%;6.36%;6.40%;1%;3.68%;4.27%;16%
Seychelles;0.47%;0.70%;48%;2.17%;3.10%;43%;2.80%;3.71%;32%;2.85%;3.59%;26%;3.06%;3.66%;19%;3.59%;4.11%;14%;4.12%;4.59%;11%;4.46%;4.92%;10%;4.67%;5.10%;9%;4.82%;5.21%;8%;4.87%;5.18%;6%;4.72%;4.94%;5%;4.24%;4.36%;3%;2.83%;3.46%;22%
Sierra Leone;0.54%;0.58%;7%;2.95%;3.03%;3%;4.39%;4.41%;1%;5.12%;5.14%;0%;5.68%;5.70%;0%;6.15%;6.20%;1%;6.60%;6.68%;1%;6.96%;7.04%;1%;7.29%;7.37%;1%;7.70%;7.69%;0%;8.34%;8.26%;-1%;9.30%;9.24%;-1%;10.70%;10.82%;1%;3.25%;3.47%;7%
Singapore;0.51%;0.53%;6%;2.64%;2.94%;11%;3.71%;4.04%;9%;3.20%;3.60%;12%;2.86%;3.09%;8%;2.62%;2.84%;8%;2.53%;2.65%;5%;2.41%;2.54%;6%;2.31%;2.44%;6%;2.20%;2.36%;8%;2.26%;2.39%;6%;2.58%;2.64%;2%;3.25%;3.20%;-2%;2.42%;2.51%;4%
Slovakia;0.38%;0.58%;53%;1.84%;2.75%;49%;2.78%;3.90%;40%;3.02%;4.06%;34%;3.23%;4.20%;30%;3.53%;4.44%;26%;3.96%;4.77%;21%;4.53%;5.18%;14%;5.08%;5.51%;9%;5.60%;5.79%;3%;6.00%;5.94%;-1%;6.09%;5.90%;-3%;6.21%;5.87%;-6%;3.59%;4.24%;18%
Slovenia;0.42%;0.56%;33%;2.30%;2.86%;24%;3.60%;4.19%;16%;3.79%;4.37%;15%;3.96%;4.47%;13%;4.29%;4.63%;8%;4.73%;4.98%;5%;5.25%;5.55%;6%;5.69%;6.06%;7%;6.10%;6.50%;7%;6.48%;6.75%;4%;6.64%;6.74%;1%;7.14%;6.99%;-2%;4.42%;4.83%;9%
Solomon Islands;0.38%;0.47%;24%;2.30%;2.66%;16%;3.60%;3.98%;11%;3.74%;4.10%;9%;3.90%;4.24%;9%;4.21%;4.52%;7%;4.56%;4.83%;6%;4.83%;5.08%;5%;4.97%;5.20%;5%;5.05%;5.25%;4%;5.07%;5.23%;3%;4.94%;5.08%;3%;4.54%;4.66%;3%;2.38%;2.73%;15%
Somalia;0.58%;0.83%;42%;3.27%;4.32%;32%;4.83%;6.04%;25%;5.43%;6.65%;23%;5.93%;7.11%;20%;6.54%;7.59%;16%;7.18%;8.13%;13%;7.88%;8.91%;13%;8.55%;9.58%;12%;9.15%;10.30%;13%;9.71%;10.75%;11%;10.18%;11.01%;8%;10.71%;11.26%;5%;3.16%;3.83%;21%
South Africa;0.48%;0.70%;46%;2.92%;4.13%;41%;4.68%;6.40%;37%;5.09%;6.89%;35%;5.46%;7.26%;33%;6.08%;7.75%;27%;6.57%;8.07%;23%;6.76%;8.19%;21%;6.83%;8.23%;20%;6.86%;8.21%;20%;7.00%;8.19%;17%;7.26%;8.25%;14%;7.97%;8.43%;6%;4.01%;5.42%;35%
South Korea;0.55%;0.65%;18%;2.42%;2.95%;22%;3.08%;3.73%;21%;3.03%;3.60%;19%;2.90%;3.40%;17%;2.82%;3.22%;14%;2.74%;3.07%;12%;2.68%;2.98%;11%;2.62%;2.88%;10%;2.56%;2.78%;9%;2.73%;2.83%;4%;3.28%;3.08%;-6%;4.35%;3.66%;-16%;2.50%;2.87%;15%
South Sudan;0.60%;0.74%;22%;3.27%;3.64%;11%;4.82%;5.28%;10%;5.42%;5.95%;10%;5.87%;6.48%;10%;6.38%;6.90%;8%;6.91%;7.38%;7%;7.49%;7.99%;7%;8.07%;8.55%;6%;8.60%;9.07%;5%;9.12%;9.55%;5%;9.45%;9.92%;5%;9.93%;10.43%;5%;3.25%;3.72%;14%
Spain;1.43%;2.17%;51%;4.27%;6.19%;45%;5.18%;7.40%;43%;5.30%;7.43%;40%;5.45%;7.52%;38%;5.85%;7.88%;35%;6.22%;7.94%;28%;6.51%;7.63%;17%;6.78%;7.33%;8%;7.04%;7.05%;0%;7.19%;6.81%;-5%;7.10%;6.63%;-7%;7.08%;6.37%;-10%;5.41%;6.35%;17%
Sri Lanka;0.47%;0.72%;54%;2.47%;3.54%;43%;3.39%;4.66%;37%;3.32%;4.30%;29%;3.45%;4.22%;22%;4.01%;4.67%;17%;4.48%;5.04%;13%;4.66%;5.14%;10%;4.71%;5.10%;8%;4.68%;5.01%;7%;4.64%;4.88%;5%;4.50%;4.66%;4%;4.12%;4.14%;1%;2.97%;3.64%;23%
Sudan;1.01%;1.26%;24%;4.45%;5.11%;15%;5.75%;6.48%;13%;6.07%;6.87%;13%;6.37%;7.25%;14%;6.85%;7.74%;13%;7.09%;7.92%;12%;6.91%;7.62%;10%;6.66%;7.25%;9%;6.40%;6.88%;8%;6.09%;6.50%;7%;5.76%;6.09%;6%;5.11%;5.30%;4%;3.65%;4.46%;22%
Suriname;0.62%;0.93%;49%;3.88%;5.69%;47%;5.87%;8.49%;45%;5.78%;8.08%;40%;5.89%;7.89%;34%;6.53%;8.35%;28%;6.96%;8.61%;24%;7.02%;8.57%;22%;7.05%;8.47%;20%;7.07%;8.36%;18%;7.10%;8.20%;15%;7.11%;7.97%;12%;7.11%;7.49%;5%;4.60%;6.16%;34%
Sweden;0.84%;1.13%;34%;4.52%;5.41%;20%;6.74%;7.50%;11%;6.68%;7.47%;12%;6.74%;7.39%;10%;7.23%;7.50%;4%;7.38%;7.46%;1%;7.00%;7.16%;2%;6.60%;6.83%;3%;6.17%;6.47%;5%;5.85%;6.18%;6%;5.71%;5.93%;4%;5.66%;5.56%;-2%;5.36%;5.60%;5%
Switzerland;0.98%;1.23%;25%;3.70%;4.70%;27%;4.84%;5.93%;23%;4.87%;5.96%;22%;5.09%;6.14%;21%;5.79%;6.78%;17%;6.15%;7.10%;15%;5.97%;6.95%;16%;5.76%;6.77%;18%;5.57%;6.59%;18%;5.42%;6.45%;19%;5.32%;6.29%;18%;5.16%;5.96%;15%;4.63%;5.50%;19%
Syria;0.97%;1.50%;54%;3.84%;4.99%;30%;4.75%;6.13%;29%;5.10%;6.60%;29%;5.47%;6.93%;27%;6.01%;7.29%;21%;6.35%;7.41%;17%;6.33%;7.22%;14%;6.23%;6.98%;12%;6.12%;6.73%;10%;5.93%;6.44%;9%;5.61%;6.02%;7%;4.93%;5.23%;6%;3.55%;5.03%;42%
Taiwan;0.35%;0.34%;0%;1.37%;1.50%;10%;1.92%;2.05%;7%;2.39%;2.51%;5%;2.90%;3.00%;3%;3.47%;3.58%;3%;4.06%;4.16%;2%;4.58%;4.63%;1%;5.01%;4.99%;0%;5.40%;5.32%;-1%;5.66%;5.58%;-1%;5.57%;5.57%;0%;4.85%;5.11%;5%;3.19%;3.66%;15%
Tajikistan;0.44%;0.58%;32%;2.07%;2.81%;36%;2.98%;3.80%;27%;3.27%;4.01%;23%;3.49%;4.15%;19%;3.73%;4.32%;16%;4.07%;4.62%;14%;4.50%;5.11%;14%;4.87%;5.50%;13%;5.21%;5.81%;12%;5.46%;6.04%;11%;5.57%;6.19%;11%;6.07%;6.21%;2%;2.37%;2.98%;26%
Tanzania;0.60%;0.76%;26%;3.26%;3.85%;18%;4.76%;5.42%;14%;5.32%;5.98%;12%;5.67%;6.31%;11%;6.02%;6.61%;10%;6.54%;7.12%;9%;7.27%;7.90%;9%;7.93%;8.60%;8%;8.56%;9.25%;8%;9.20%;9.79%;6%;9.73%;10.13%;4%;10.50%;10.68%;2%;3.33%;3.93%;18%
Thailand;0.50%;0.61%;23%;2.21%;2.62%;18%;2.94%;3.26%;11%;3.11%;3.37%;9%;3.41%;3.66%;7%;4.00%;4.28%;7%;4.57%;4.85%;6%;4.94%;5.24%;6%;5.18%;5.47%;6%;5.36%;5.64%;5%;5.41%;5.66%;5%;5.22%;5.41%;4%;4.76%;4.85%;2%;3.34%;3.99%;20%
Togo;0.54%;0.62%;15%;2.92%;3.17%;8%;4.43%;4.60%;4%;5.13%;5.35%;4%;5.62%;5.98%;6%;6.12%;6.51%;6%;6.61%;6.93%;5%;7.10%;7.36%;4%;7.54%;7.75%;3%;7.92%;8.13%;3%;8.74%;8.80%;1%;9.62%;9.82%;2%;10.98%;11.36%;3%;3.32%;3.76%;13%
Tokelau;0.40%;0.51%;30%;2.37%;2.75%;16%;3.55%;4.10%;16%;3.95%;4.38%;11%;4.18%;4.59%;10%;4.45%;4.80%;8%;4.81%;5.07%;5%;5.05%;5.32%;5%;5.21%;5.41%;4%;5.33%;5.44%;2%;5.32%;5.47%;3%;5.33%;5.34%;0%;4.76%;4.87%;2%;3.09%;3.42%;11%
Tonga;0.39%;0.46%;19%;2.09%;2.46%;17%;3.02%;3.44%;14%;3.10%;3.46%;12%;3.25%;3.58%;10%;3.59%;3.90%;9%;3.97%;4.25%;7%;4.27%;4.52%;6%;4.46%;4.64%;4%;4.58%;4.72%;3%;4.62%;4.76%;3%;4.51%;4.66%;3%;4.21%;4.31%;2%;2.23%;2.51%;13%
Trinidad and Tobago;0.52%;0.79%;54%;3.02%;4.56%;51%;4.49%;6.64%;48%;4.54%;6.40%;41%;4.70%;6.35%;35%;5.22%;6.85%;31%;5.58%;7.11%;27%;5.67%;7.05%;24%;5.72%;6.95%;22%;5.75%;6.84%;19%;5.75%;6.67%;16%;5.72%;6.39%;12%;5.60%;5.89%;5%;4.03%;5.32%;32%
Tunisia;1.46%;2.23%;52%;4.85%;7.37%;52%;5.77%;8.38%;45%;6.02%;8.62%;43%;6.44%;8.87%;38%;7.28%;9.34%;28%;7.93%;9.66%;22%;8.20%;9.75%;19%;8.41%;9.78%;16%;8.65%;9.74%;13%;8.78%;9.54%;9%;8.66%;9.13%;5%;8.40%;8.33%;-1%;5.51%;7.26%;32%
Turkey;1.39%;1.67%;20%;4.27%;5.59%;31%;4.90%;6.24%;27%;5.36%;6.34%;18%;5.80%;6.48%;12%;6.31%;6.79%;8%;6.53%;6.92%;6%;6.35%;6.73%;6%;6.07%;6.45%;6%;5.81%;6.22%;7%;5.60%;5.92%;6%;5.36%;5.56%;4%;4.91%;4.92%;0%;4.36%;5.11%;17%
Turkmenistan;0.46%;0.59%;28%;2.44%;3.05%;25%;3.61%;4.28%;19%;3.68%;4.28%;17%;3.74%;4.27%;14%;3.97%;4.40%;11%;4.35%;4.71%;8%;4.85%;5.23%;8%;5.29%;5.69%;8%;5.71%;6.13%;7%;6.04%;6.47%;7%;6.31%;6.80%;8%;6.95%;7.18%;3%;2.90%;3.49%;21%
Tuvalu;0.42%;0.50%;20%;2.35%;2.72%;16%;3.57%;4.07%;14%;3.91%;4.34%;11%;4.18%;4.54%;9%;4.44%;4.73%;7%;4.77%;4.99%;5%;5.06%;5.25%;4%;5.24%;5.40%;3%;5.34%;5.48%;3%;5.38%;5.49%;2%;5.25%;5.34%;2%;4.84%;4.94%;2%;2.93%;3.26%;11%
Uganda;1.01%;1.09%;8%;5.78%;5.63%;-3%;8.02%;7.90%;-1%;8.26%;8.66%;5%;8.52%;9.22%;8%;9.24%;9.78%;6%;10.16%;10.57%;4%;11.37%;11.74%;3%;12.53%;12.81%;2%;13.65%;13.84%;1%;14.61%;14.72%;1%;15.20%;15.37%;1%;16.22%;16.17%;0%;4.75%;5.27%;11%
Ukraine;0.44%;0.65%;48%;2.42%;3.43%;42%;3.97%;5.28%;33%;4.81%;6.06%;26%;5.49%;6.57%;20%;6.04%;6.87%;14%;6.59%;7.23%;10%;7.07%;7.64%;8%;7.47%;7.94%;6%;7.84%;8.20%;5%;8.11%;8.39%;3%;8.28%;8.51%;3%;8.45%;8.61%;2%;5.49%;6.27%;14%
United Arab Emirates;0.88%;1.17%;33%;3.50%;4.70%;34%;4.27%;5.58%;31%;4.58%;5.80%;26%;4.72%;5.61%;19%;5.33%;6.36%;19%;5.73%;6.74%;18%;5.82%;6.41%;10%;5.78%;6.25%;8%;5.71%;6.07%;6%;5.65%;5.88%;4%;5.34%;5.47%;2%;4.66%;4.91%;5%;4.27%;5.43%;27%
United Kingdom;0.89%;1.33%;49%;3.83%;5.45%;42%;5.42%;7.01%;29%;6.17%;7.53%;22%;6.36%;7.81%;23%;5.85%;7.94%;36%;5.55%;7.86%;42%;5.68%;7.51%;32%;5.80%;7.15%;23%;5.90%;6.80%;15%;5.95%;6.48%;9%;5.83%;6.22%;7%;5.63%;5.75%;2%;4.76%;5.86%;23%
United States;1.39%;2.05%;48%;6.43%;8.79%;37%;7.01%;9.04%;29%;6.73%;8.38%;25%;6.67%;8.01%;20%;7.16%;8.25%;15%;7.21%;8.13%;13%;6.50%;7.32%;13%;5.65%;6.40%;13%;4.76%;5.47%;15%;4.05%;4.71%;16%;3.76%;4.26%;13%;3.35%;3.64%;9%;4.85%;5.76%;19%
United States Virgin Islands;0.44%;0.62%;38%;2.43%;3.18%;31%;3.64%;4.58%;26%;3.73%;4.65%;25%;3.89%;4.77%;23%;4.36%;5.19%;19%;4.73%;5.52%;17%;4.91%;5.67%;15%;5.06%;5.78%;14%;5.18%;5.89%;14%;5.25%;5.88%;12%;5.24%;5.77%;10%;5.28%;5.49%;4%;3.58%;4.54%;27%
Uruguay;0.67%;1.00%;49%;3.09%;4.83%;56%;4.09%;6.24%;53%;3.98%;5.73%;44%;3.96%;5.40%;36%;4.27%;5.51%;29%;4.45%;5.48%;23%;4.36%;5.17%;18%;4.24%;4.84%;14%;4.11%;4.51%;10%;4.00%;4.24%;6%;3.94%;4.06%;3%;3.92%;3.86%;-1%;3.21%;4.16%;30%
Uzbekistan;0.48%;0.55%;14%;2.46%;3.01%;22%;3.68%;4.33%;18%;3.82%;4.38%;15%;3.93%;4.40%;12%;4.18%;4.56%;9%;4.54%;4.89%;8%;5.04%;5.44%;8%;5.46%;5.91%;8%;5.86%;6.33%;8%;6.17%;6.64%;8%;6.35%;6.80%;7%;6.85%;7.03%;3%;3.09%;3.57%;16%
Vanuatu;0.39%;0.47%;19%;2.37%;2.75%;16%;3.65%;4.10%;12%;3.73%;4.11%;10%;3.84%;4.17%;9%;4.12%;4.42%;7%;4.46%;4.72%;6%;4.75%;4.98%;5%;4.90%;5.12%;4%;4.99%;5.19%;4%;5.02%;5.19%;4%;4.88%;5.05%;3%;4.54%;4.66%;3%;2.42%;2.78%;15%
Venezuela;0.40%;0.45%;13%;2.25%;2.59%;15%;3.60%;4.09%;14%;3.89%;4.45%;14%;4.10%;4.66%;14%;4.35%;4.85%;11%;4.62%;5.05%;9%;4.97%;5.35%;8%;5.30%;5.63%;6%;5.63%;5.93%;5%;5.87%;6.14%;5%;5.94%;6.18%;4%;6.14%;6.26%;2%;3.11%;3.80%;22%
Vietnam;0.37%;0.51%;37%;1.71%;2.32%;36%;2.42%;2.91%;20%;2.76%;3.09%;12%;3.10%;3.32%;7%;3.52%;3.69%;5%;3.98%;4.11%;3%;4.34%;4.44%;2%;4.57%;4.66%;2%;4.75%;4.83%;2%;4.74%;4.84%;2%;4.39%;4.59%;4%;3.59%;3.97%;11%;2.53%;2.93%;16%
Yemen;0.98%;1.11%;12%;4.59%;4.73%;3%;6.22%;6.26%;1%;6.73%;6.85%;2%;7.20%;7.38%;2%;7.81%;7.97%;2%;8.15%;8.24%;1%;7.97%;8.04%;1%;7.70%;7.80%;1%;7.37%;7.53%;2%;6.99%;7.18%;3%;6.53%;6.74%;3%;5.74%;5.89%;3%;3.86%;4.31%;12%
Zambia;0.57%;0.74%;29%;3.11%;3.65%;17%;4.56%;5.14%;13%;4.95%;5.71%;15%;5.13%;6.10%;19%;5.40%;6.46%;20%;5.80%;6.88%;19%;6.40%;7.44%;16%;6.96%;7.96%;14%;7.49%;8.49%;13%;7.99%;8.93%;12%;8.30%;9.18%;11%;8.68%;9.39%;8%;2.86%;3.62%;27%
Zimbabwe;0.42%;0.55%;33%;2.15%;2.76%;29%;3.21%;4.00%;25%;3.63%;4.44%;22%;4.00%;4.81%;20%;4.53%;5.28%;16%;5.05%;5.67%;12%;5.47%;5.97%;9%;5.77%;6.23%;8%;5.99%;6.48%;8%;6.32%;6.82%;8%;6.80%;7.30%;7%;7.69%;8.00%;4%;2.45%;3.01%;23%
Other;;;;;;;;;;;;;;;;;;;;;;;;;;;;;;;;;;;;;;;;;;
Africa;0.65%;0.76%;18%;3.42%;3.92%;15%;4.89%;5.56%;14%;5.39%;6.07%;13%;5.86%;6.40%;9%;6.37%;6.88%;8%;6.76%;7.32%;8%;7.12%;7.68%;8%;7.35%;7.74%;5%;7.40%;7.98%;8%;7.32%;8.25%;13%;8.24%;8.40%;2%;9.21%;8.85%;-4%;3.52%;3.98%;13%
Asia;0.45%;0.56%;26%;2.20%;2.73%;24%;3.20%;3.88%;21%;3.51%;4.21%;20%;4.02%;4.56%;13%;4.45%;5.22%;17%;5.00%;5.68%;13%;5.40%;5.85%;8%;5.44%;6.02%;11%;5.89%;6.29%;7%;6.69%;6.55%;-2%;6.66%;6.61%;-1%;6.15%;6.34%;3%;3.34%;4.01%;20%
East Asia & Pacific (WB);0.39%;0.40%;3%;1.76%;2.01%;14%;2.34%;2.79%;19%;2.66%;2.99%;12%;3.01%;3.26%;8%;3.50%;3.77%;8%;4.08%;4.30%;5%;4.62%;4.79%;4%;5.07%;5.24%;3%;5.55%;5.65%;2%;5.82%;5.78%;-1%;5.81%;5.92%;2%;5.56%;5.51%;-1%;3.11%;3.51%;13%
Europe;0.78%;1.06%;36%;3.10%;4.38%;41%;4.30%;5.67%;32%;4.68%;5.82%;24%;4.97%;6.00%;21%;5.32%;6.36%;20%;5.57%;6.52%;17%;5.61%;6.48%;15%;5.66%;6.34%;12%;5.68%;6.16%;9%;5.68%;6.10%;7%;5.67%;6.00%;6%;5.88%;5.77%;-2%;4.49%;5.16%;15%
Europe & Central Asia (WB);0.81%;1.05%;30%;3.10%;4.28%;38%;4.22%;5.56%;32%;4.61%;5.74%;25%;4.90%;5.89%;20%;5.26%;6.18%;17%;5.51%;6.38%;16%;5.58%;6.38%;14%;5.61%;6.29%;12%;5.65%;6.17%;9%;5.69%;6.08%;7%;5.73%;5.98%;4%;5.87%;5.80%;-1%;4.33%;5.00%;15%
High-income countries;1.00%;1.40%;41%;4.29%;5.86%;36%;5.23%;6.70%;28%;5.18%;6.44%;24%;5.17%;6.31%;22%;5.49%;6.50%;18%;5.65%;6.46%;14%;5.45%;6.06%;11%;5.12%;5.68%;11%;4.76%;5.30%;11%;4.51%;4.93%;9%;4.42%;4.70%;7%;4.45%;4.46%;0%;4.24%;4.94%;16%
Latin America & Caribbean (WB);0.46%;0.56%;23%;2.65%;3.29%;24%;4.07%;5.05%;24%;4.19%;5.23%;25%;4.36%;5.40%;24%;4.82%;5.76%;20%;5.20%;6.00%;15%;5.42%;6.11%;13%;5.58%;6.17%;11%;5.73%;6.22%;9%;5.77%;6.13%;6%;5.59%;5.87%;5%;5.32%;5.42%;2%;3.39%;4.23%;25%
Low-income countries;0.67%;0.82%;22%;3.59%;4.13%;15%;5.22%;5.87%;12%;5.75%;6.45%;12%;6.19%;6.88%;11%;6.67%;7.30%;10%;7.10%;7.71%;9%;7.52%;8.05%;7%;7.87%;8.24%;5%;8.22%;8.52%;4%;8.49%;8.84%;4%;8.77%;9.14%;4%;9.17%;9.29%;1%;3.50%;4.07%;16%
Lower-middle-income countries;0.46%;0.62%;34%;2.52%;3.10%;23%;3.83%;4.48%;17%;4.29%;4.97%;16%;4.73%;5.46%;15%;5.37%;6.10%;14%;5.90%;6.57%;11%;6.23%;6.83%;10%;6.54%;7.02%;7%;6.90%;7.19%;4%;7.23%;7.35%;2%;7.32%;7.37%;1%;7.04%;7.19%;2%;3.40%;4.11%;21%
Middle East & North Africa (WB);1.01%;1.22%;21%;4.16%;5.04%;21%;5.34%;6.31%;18%;5.67%;6.65%;17%;5.99%;7.00%;17%;6.57%;7.48%;14%;6.96%;7.72%;11%;6.98%;7.60%;9%;6.93%;7.48%;8%;6.82%;7.36%;8%;6.64%;7.11%;7%;6.36%;6.66%;5%;5.77%;5.88%;2%;4.27%;5.10%;19%
North America;0.90%;1.29%;44%;4.50%;6.15%;37%;5.49%;7.14%;30%;5.52%;6.95%;26%;5.63%;6.92%;23%;6.19%;7.28%;18%;6.43%;7.30%;14%;6.13%;6.84%;12%;5.59%;6.33%;13%;4.98%;5.73%;15%;4.57%;5.14%;12%;4.32%;4.69%;9%;3.85%;4.24%;10%;4.20%;5.12%;22%
North America (WB);1.35%;1.97%;46%;6.21%;8.51%;37%;6.83%;8.84%;29%;6.56%;8.18%;25%;6.50%;7.82%;20%;6.95%;8.05%;16%;6.98%;7.93%;14%;6.30%;7.15%;14%;5.50%;6.26%;14%;4.64%;5.34%;15%;3.96%;4.59%;16%;3.66%;4.16%;14%;3.25%;3.55%;9%;4.72%;5.61%;19%
Oceania;0.86%;0.96%;12%;4.31%;4.63%;8%;5.89%;6.45%;9%;5.91%;6.22%;5%;6.02%;6.10%;1%;6.49%;6.30%;-3%;6.53%;6.26%;-4%;6.20%;5.91%;-5%;5.71%;5.48%;-4%;5.20%;4.97%;-4%;4.79%;4.59%;-4%;4.51%;4.39%;-3%;4.33%;3.98%;-8%;4.33%;4.36%;1%
South America;0.50%;0.58%;18%;2.86%;3.24%;13%;4.24%;5.05%;19%;4.22%;5.12%;21%;4.26%;5.16%;21%;4.68%;5.57%;19%;5.09%;5.83%;15%;5.21%;5.83%;12%;5.35%;5.94%;11%;5.41%;5.96%;10%;5.52%;5.87%;6%;5.20%;5.59%;8%;5.16%;5.45%;6%;3.42%;4.20%;23%
South Asia (WB);0.41%;0.57%;39%;2.39%;2.99%;25%;3.83%;4.52%;18%;4.36%;5.11%;17%;4.92%;5.69%;16%;5.73%;6.48%;13%;6.34%;7.09%;12%;6.70%;7.40%;10%;7.10%;7.65%;8%;7.55%;7.89%;5%;7.90%;8.08%;2%;7.98%;8.10%;2%;7.63%;7.79%;2%;3.57%;4.43%;24%
Sub-Saharan Africa (WB);0.58%;0.69%;18%;3.28%;3.66%;12%;4.88%;5.37%;10%;5.43%;6.02%;11%;5.86%;6.48%;11%;6.36%;6.92%;9%;6.85%;7.34%;7%;7.32%;7.75%;6%;7.69%;8.08%;5%;8.04%;8.41%;5%;8.55%;8.82%;3%;9.20%;9.38%;2%;10.13%;10.12%;0%;3.39%;3.84%;13%
Upper-middle-income countries;0.47%;0.48%;1%;2.09%;2.49%;19%;2.85%;3.65%;28%;3.24%;3.87%;19%;3.54%;4.04%;14%;3.95%;4.59%;16%;4.50%;5.10%;14%;5.07%;5.45%;7%;5.54%;5.80%;5%;6.03%;6.19%;3%;6.41%;6.40%;0%;6.49%;6.45%;-1%;6.37%;6.21%;-3%;3.48%;4.04%;16%
World;0.55%;0.69%;25%;2.69%;3.38%;25%;3.77%;4.68%;24%;4.17%;4.98%;19%;4.47%;5.19%;16%;4.91%;5.73%;17%;5.32%;6.12%;15%;5.65%;6.23%;10%;5.86%;6.31%;8%;6.05%;6.42%;6%;6.20%;6.45%;4%;6.21%;6.38%;3%;5.92%;5.94%;0%;3.58%;4.21%;18%
